Psychological Construct,Adjusted Score
Sense of coherence,1.6737618528160483
Balance,0.20859166566826876
Comprehensibility,0.5680885917670295
Manageability,-0.07263697531591971
Meaningfulness,-1.1849422057421488
Reflection,-1.1928629291932777
